| Temperature | Current | Vibration | Status  |
| ----------- | ------- | --------- | ------- |
| 34          | 4.1     | 0.18      | Healthy |
| 35          | 4.0     | 0.20      | Healthy |
| 36          | 4.3     | 0.25      | Healthy |
| 37          | 4.4     | 0.30      | Healthy |
| 38          | 4.5     | 0.35      | Healthy |
| 39          | 4.6     | 0.40      | Healthy |
| 40          | 4.8     | 0.45      | Healthy |
| 41          | 5.0     | 0.50      | Healthy |
| 42          | 5.1     | 0.55      | Healthy |
| 43          | 5.2     | 0.60      | Healthy |
| 74          | 7.5     | 1.80      | Faulty  |
| 75          | 7.6     | 1.90      | Faulty  |
| 76          | 7.8     | 2.00      | Faulty  |
| 77          | 8.0     | 2.10      | Faulty  |
| 78          | 8.2     | 2.20      | Faulty  |
| 79          | 8.3     | 2.30      | Faulty  |
| 80          | 8.4     | 2.40      | Faulty  |
| 81          | 8.5     | 2.50      | Faulty  |
| 82          | 8.6     | 2.60      | Faulty  |
| 83          | 8.8     | 2.80      | Faulty  |
