Temperature,Current,Vibration,Status,current,temperature,vibration,Prediction,Condition
34,4.1,0.18,Healthy,0.41,34,0.18,0.0,Healthy
35,4.0,0.2,Healthy,0.4,35,0.2,0.0,Healthy
36,4.3,0.25,Healthy,0.43,36,0.25,0.0,Healthy
37,4.4,0.3,Healthy,0.44000000000000006,37,0.3,0.0,Healthy
38,4.5,0.35,Healthy,0.45,38,0.35,0.0,Healthy
39,4.6,0.4,Healthy,0.45999999999999996,39,0.4,0.0,Healthy
40,4.8,0.45,Healthy,0.48,40,0.45,0.0,Healthy
41,5.0,0.5,Healthy,0.5,41,0.5,0.0,Healthy
42,5.1,0.55,Healthy,0.51,42,0.55,0.0,Healthy
43,5.2,0.6,Healthy,0.52,43,0.6,0.0,Healthy
74,7.5,1.8,Faulty,0.75,74,1.8,1.0,Faulty
75,7.6,1.9,Faulty,0.76,75,1.9,1.0,Faulty
76,7.8,2.0,Faulty,0.78,76,2.0,1.0,Faulty
77,8.0,2.1,Faulty,0.8,77,2.1,1.0,Faulty
78,8.2,2.2,Faulty,0.82,78,2.2,1.0,Faulty
79,8.3,2.3,Faulty,0.8300000000000001,79,2.3,1.0,Faulty
80,8.4,2.4,Faulty,0.8400000000000001,80,2.4,1.0,Faulty
81,8.5,2.5,Faulty,0.85,81,2.5,1.0,Faulty
82,8.6,2.6,Faulty,0.86,82,2.6,1.0,Faulty
83,8.8,2.8,Faulty,0.8800000000000001,83,2.8,1.0,Faulty
